layer_id,name,D,M,N,Q,alpha,alpha_weighted,entropy,has_esd,lambda_max,layer_type,log_alpha_norm,log_norm,log_spectral_norm,longname,matrix_rank,norm,num_evals,num_pl_spikes,rank_loss,rf,sigma,spectral_norm,stable_rank,status,sv_max,sv_min,warning,weak_rank_loss,xmax,xmin,layer_name,shape
1,Conv2d,0.04155194156816211,24,64,2.6666666666666665,1.4897410826696356,-0.8809155384394515,0.40431545392356194,True,0.2562587857246399,conv2d,-0.3292648912028214,0.04074750320353636,-0.5913212360773721,0,216,1.0983670682446345,216,77,0,9,0.05581117609699887,0.2562587857246399,4.286163555870717,success,0.5062201023101807,0.0005237307632341981,over-trained,53,0.2562587857246399,8.771935972617939e-05,driving_vision_vision_model.vision._en.stem.0.reparam_conv_conv,"(64, 24, 3, 3)"
1,Conv2d,0.11772746642160603,64,64,1.0,1.9709046261778482,4.415616086337269,0.6273994884559206,True,173.94049072265625,conv2d,4.733162719417482,2.8626548707024853,2.240400690976316,0,64,728.8780482520192,64,15,1,1,0.2506864965295029,173.94049072265625,4.19038744356653,success,13.188650131225586,1.799422716430854e-05,over-trained,1,173.94049072265625,10.991023063659668,driving_vision_vision_model.vision._en.stem.2.reparam_conv_conv,"(64, 64, 1, 1)"
1,Conv2d,0.06897115718440106,64,192,3.0,3.0376661730899324,5.040716486696682,0.87165307914436,True,45.64617156982422,conv2d,5.266416951071162,2.602402791166626,1.6594043583035443,0,64,400.3158549591899,64,14,0,1,0.5445891920229524,45.64617156982422,8.769976565216059,success,6.756195068359375,0.3406330347061157,,0,45.64617156982422,9.375508308410645,driving_vision_vision_model.vision._en.stages.0.blocks.0.mlp.fc1_conv,"(192, 64, 1, 1)"
1,Conv2d,0.08765863450472755,64,192,3.0,3.4313059588481525,6.096091891419759,0.8472332167179422,True,59.78742218017578,conv2d,6.153002178808657,2.582402591268399,1.7766098285989462,0,64,382.2984975874424,64,13,0,1,0.6743229462283196,59.78742218017578,6.394296386208876,success,7.732232570648193,0.5011372566223145,,0,59.78742218017578,10.509300231933594,driving_vision_vision_model.vision._en.stages.0.blocks.0.mlp.fc2_conv,"(64, 192, 1, 1)"
1,Conv2d,0.07983432310456218,64,192,3.0,3.821826401207344,5.444772428507935,0.9097870230666174,True,26.585935592651367,conv2d,5.564609587926388,2.4181294987101833,1.4246519482904536,0,64,261.89638191461563,64,12,0,1,0.8145911161717265,26.585935592651367,9.850937199554735,success,5.156155109405518,0.5770688652992249,,0,26.585935592651367,6.780942916870117,driving_vision_vision_model.vision._en.stages.0.blocks.1.mlp.fc1_conv,"(192, 64, 1, 1)"
1,Conv2d,0.11342024612077639,64,192,3.0,2.383396813093166,3.420129523822673,0.9020856530759839,True,27.225831985473633,conv2d,4.016632987982209,2.5368620440777874,1.434981160096475,0,64,344.2405635714531,64,32,0,1,0.24455231690250911,27.225831985473633,12.64389509768234,success,5.217837810516357,0.35975381731987,,0,27.225831985473633,3.7765164375305176,driving_vision_vision_model.vision._en.stages.0.blocks.1.mlp.fc2_conv,"(64, 192, 1, 1)"
1,Conv2d,0.09413715817047424,1,128,128.0,1.5107016557463195,-0.7328687544860077,0.7488832455312708,True,0.327251672744751,conv2d,-0.05822968246335443,0.3485757314329484,-0.4851181248781743,0,49,2.2313912792596966,49,49,0,49,0.07295737939233136,0.327251672744751,6.818578681491209,success,0.572059154510498,0.572059154510498,over-trained,0,0.327251672744751,0.002003028988838196,driving_vision_vision_model.vision._en.stages.1.downsample.proj.0.reparam_conv_conv,"(128, 1, 7, 7)"
1,Conv2d,0.10378739030649087,128,128,1.0,1.7472503560040789,1.1382814173337827,0.5829274069949143,True,4.481982231140137,conv2d,1.2217046283607969,1.055688568462305,0.6514701304379792,0,128,11.368117884392213,128,37,0,1,0.12284720179063828,4.481982231140137,2.5364040502901246,success,2.1170692443847656,0.00032219706918112934,over-trained,3,4.481982231140137,0.033032845705747604,driving_vision_vision_model.vision._en.stages.1.downsample.proj.1.reparam_conv_conv,"(128, 128, 1, 1)"
1,Conv2d,0.0658036425523153,128,384,3.0,3.007476263833365,5.021743841770755,0.9275654114860953,True,46.74696731567383,conv2d,5.547135911013725,2.9687877738337467,1.669753441501806,0,128,930.6529832482338,128,31,0,1,0.3605533806773732,46.74696731567383,19.90830714137459,success,6.837175369262695,0.8751088380813599,,0,46.74696731567383,9.426334381103516,driving_vision_vision_model.vision._en.stages.1.blocks.0.mlp.fc1_conv,"(384, 128, 1, 1)"
1,Conv2d,0.06775031113471681,128,384,3.0,3.577105394050839,6.288950975703018,0.9262737226646389,True,57.294342041015625,conv2d,6.722695268623248,3.0862548902005926,1.7581117364230607,0,128,1219.7052416801453,128,25,0,1,0.5154210788101679,57.294342041015625,21.28840646790198,success,7.569302558898926,0.9145493507385254,,0,57.294342041015625,15.889548301696777,driving_vision_vision_model.vision._en.stages.1.blocks.0.mlp.fc2_conv,"(128, 384, 1, 1)"
1,Conv2d,0.06124827756250362,128,384,3.0,4.489176482693479,7.32635175444069,0.927251096713915,True,42.85519790649414,conv2d,7.421874137599781,2.878784998034682,1.6320035050270343,0,128,756.4583098143339,128,13,0,1,0.9677234398072637,42.85519790649414,17.65149495902112,success,6.546388149261475,0.4736308753490448,,0,42.85519790649414,13.024088859558105,driving_vision_vision_model.vision._en.stages.1.blocks.1.mlp.fc1_conv,"(384, 128, 1, 1)"
1,Conv2d,0.13597956393504596,128,384,3.0,2.994837096254488,4.363885242800359,0.9478680794634544,True,28.6507568359375,conv2d,5.490542514856511,3.0704528494041345,1.4571360987407562,0,128,1176.1232880949974,128,53,0,1,0.2740119485272817,28.6507568359375,41.050339257347325,success,5.352640151977539,0.9050942659378052,,0,28.6507568359375,9.269679069519043,driving_vision_vision_model.vision._en.stages.1.blocks.1.mlp.fc2_conv,"(128, 384, 1, 1)"
1,Conv2d,0.10078618007521234,1,256,256.0,1.523324846602879,2.769038704044497,0.719400466048239,True,65.72942352294922,conv2d,3.3597315721820356,2.5791831537043723,1.8177598233362025,0,49,379.474986076355,49,39,0,49,0.08379904152684944,65.72942352294922,5.773289430172205,success,8.107368469238281,8.107368469238281,over-trained,0,65.72942352294922,0.4923013746738434,driving_vision_vision_model.vision._en.stages.2.downsample.proj.0.reparam_conv_conv,"(256, 1, 7, 7)"
1,Conv2d,0.07486597201411477,256,256,1.0,3.3300253379362355,-1.656579895100399,0.8159254507488882,True,0.31807705760002136,conv2d,-1.517514347302723,0.588458928554406,-0.49746765474374893,0,256,3.876670849073403,256,18,0,1,0.5491922389303964,0.31807705760002136,12.187835483401248,success,0.5639832019805908,6.821841088822111e-05,,5,0.31807705760002136,0.06057530641555786,driving_vision_vision_model.vision._en.stages.2.downsample.proj.1.reparam_conv_conv,"(256, 256, 1, 1)"
1,Conv2d,0.059267884872799215,256,768,3.0,3.6768403039068493,7.841863869098793,0.949035357347694,True,135.7602081298828,conv2d,8.255807740802048,3.677152776150456,2.1327724951139087,0,256,4755.024688243866,256,46,0,1,0.3946785707222952,135.7602081298828,35.025172351641494,success,11.651618003845215,1.3466628789901733,,0,135.7602081298828,31.176647186279297,driving_vision_vision_model.vision._en.stages.2.blocks.0.mlp.fc1_conv,"(768, 256, 1, 1)"
1,Conv2d,0.08493625281402051,256,768,3.0,4.492787424997385,9.203744701051896,0.950449909111638,True,111.83043670654297,conv2d,9.861318850383954,3.72657693529528,2.0485600208554833,0,256,5328.156042814255,256,20,0,1,0.78101101132506,111.83043670654297,47.64495426943562,success,10.574991226196289,1.4139127731323242,,0,111.83043670654297,51.12946319580078,driving_vision_vision_model.vision._en.stages.2.blocks.0.mlp.fc2_conv,"(256, 768, 1, 1)"
1,Conv2d,0.06980346382102376,256,768,3.0,4.542837002299963,8.79035213276005,0.9567227793577862,True,86.09774017333984,conv2d,9.381492809151842,3.627095351643794,1.934991752578761,0,256,4237.359893083572,256,29,0,1,0.6578883152482644,86.09774017333984,49.215692357924056,success,9.278886795043945,1.349697470664978,,0,86.09774017333984,34.387752532958984,driving_vision_vision_model.vision._en.stages.2.blocks.1.mlp.fc1_conv,"(768, 256, 1, 1)"
1,Conv2d,0.09509915928105739,256,768,3.0,4.761197473369876,9.158214027810601,0.9562135133763692,True,83.8514633178711,conv2d,9.961039012984168,3.691912039962207,1.9235106460158244,0,256,4919.398903131485,256,28,0,1,0.710799510452941,83.8514633178711,58.6680149454592,success,9.157044410705566,1.4332796335220337,,0,83.8514633178711,41.6647834777832,driving_vision_vision_model.vision._en.stages.2.blocks.1.mlp.fc2_conv,"(256, 768, 1, 1)"
1,Conv2d,0.08591186486040026,256,768,3.0,4.171970898047716,8.2135919401872,0.9569978129171263,True,93.0584487915039,conv2d,8.82185974947189,3.6575241013214774,1.9687558089225337,0,256,4544.897585749626,256,35,0,1,0.5361609400720122,93.0584487915039,48.839171991061264,success,9.64668083190918,1.3993895053863525,,0,93.0584487915039,33.97079849243164,driving_vision_vision_model.vision._en.stages.2.blocks.2.mlp.fc1_conv,"(768, 256, 1, 1)"
1,Conv2d,0.09682450547905519,256,768,3.0,4.420511663820706,8.628276593954675,0.9613265574992967,True,89.51026153564453,conv2d,9.41706082883777,3.723999673049104,1.9518728260739715,0,256,5296.630451440811,256,37,0,1,0.5623286535982869,89.51026153564453,59.173444033917846,success,9.460986137390137,1.4923745393753052,,0,89.51026153564453,38.754737854003906,driving_vision_vision_model.vision._en.stages.2.blocks.2.mlp.fc2_conv,"(256, 768, 1, 1)"
1,Conv2d,0.07694821732397678,256,768,3.0,4.136194360250714,8.148063981671594,0.9553882932430038,True,93.31301879882812,conv2d,8.769027295635473,3.6491504957738377,1.9699422396528052,0,256,4458.1070811748505,256,35,0,1,0.5301136014442939,93.31301879882812,47.775831695960925,success,9.659866333007812,1.3617982864379883,,0,93.31301879882812,33.510196685791016,driving_vision_vision_model.vision._en.stages.2.blocks.3.mlp.fc1_conv,"(768, 256, 1, 1)"
1,Conv2d,0.10592683439604711,256,768,3.0,4.230047630874278,7.912407661777583,0.9632776678505494,True,74.2206039428711,conv2d,8.950652485533443,3.7109607675760397,1.8705244839387836,0,256,5139.972170352936,256,45,0,1,0.48150707154646893,74.2206039428711,69.25263198220891,success,8.615138053894043,1.5660492181777954,,0,74.2206039428711,34.28227996826172,driving_vision_vision_model.vision._en.stages.2.blocks.3.mlp.fc2_conv,"(256, 768, 1, 1)"
1,Conv2d,0.07621577566891213,256,768,3.0,3.665174873214992,7.411241164810678,0.9525260990621307,True,105.21321105957031,conv2d,7.885353811160976,3.608602672042764,2.022070275274407,0,256,4060.7165175676346,256,48,0,1,0.3846848576220256,105.21321105957031,38.595120105863046,success,10.257349014282227,1.1973704099655151,,0,105.21321105957031,25.99146270751953,driving_vision_vision_model.vision._en.stages.2.blocks.4.mlp.fc1_conv,"(768, 256, 1, 1)"
1,Conv2d,0.11319596344800231,256,768,3.0,3.53233141402313,6.725048135254492,0.9518270593822213,True,80.14111328125,conv2d,7.8218672099038296,3.6927576319045787,1.9038553711456634,0,256,4928.986536741257,256,54,0,1,0.3446066568876266,80.14111328125,61.50384409364642,success,8.952157020568848,1.4133329391479492,,0,80.14111328125,30.517101287841797,driving_vision_vision_model.vision._en.stages.2.blocks.4.mlp.fc2_conv,"(256, 768, 1, 1)"
1,Conv2d,0.0811825589389033,256,768,3.0,5.136965684320591,9.690363916569154,0.9610159316250039,True,76.98363494873047,conv2d,10.277138839620708,3.6307599288245482,1.8863984133954343,0,256,4273.266014099121,256,29,0,1,0.768215241776771,76.98363494873047,55.50875867247668,success,8.774031639099121,1.4466429948806763,,0,76.98363494873047,35.04930114746094,driving_vision_vision_model.vision._en.stages.2.blocks.5.mlp.fc1_conv,"(768, 256, 1, 1)"
1,Conv2d,0.09475655081945988,256,768,3.0,3.046784164489005,5.9118890576618455,0.9565655188284709,True,87.17062377929688,conv2d,6.960018948279039,3.6940989659225116,1.9403701537399074,0,256,4944.233420848846,256,81,0,1,0.22742046272100053,87.17062377929688,56.719032243785634,success,9.33652114868164,1.4573590755462646,,0,87.17062377929688,22.457319259643555,driving_vision_vision_model.vision._en.stages.2.blocks.5.mlp.fc2_conv,"(256, 768, 1, 1)"
1,Conv2d,0.12554405622857173,1,512,512.0,1.7918457201442426,2.5999808697957274,0.8502794741927997,True,28.2492618560791,conv2d,3.198765161532085,2.3486746642216167,1.4510071043317447,0,49,223.18996506929398,49,43,0,49,0.12075534024598877,28.2492618560791,7.90073617520964,success,5.315003395080566,5.315003395080566,over-trained,0,28.2492618560791,0.8683085441589355,driving_vision_vision_model.vision._en.stages.3.downsample.proj.0.reparam_conv_conv,"(512, 1, 7, 7)"
1,Conv2d,0.045909279116993384,512,512,1.0,3.7415252021504606,-2.1661688212415338,0.8990064460903314,True,0.2636614143848419,conv2d,-1.7029042255100495,0.9813722291901117,-0.5789534225231243,0,512,9.58014823851001,512,29,0,1,0.5090884495342403,0.2636614143848419,36.335040759990626,success,0.5134797096252441,0.0001781369064701721,,5,0.2636614143848419,0.07008548080921173,driving_vision_vision_model.vision._en.stages.3.downsample.proj.1.reparam_conv_conv,"(512, 512, 1, 1)"
1,Conv2d,0.061999219644976955,512,1536,3.0,4.786148589775731,11.200706515423157,0.9770576054039415,True,218.89395141601562,conv2d,11.695096534259195,4.250560453728978,2.3402337610976676,0,512,17805.757474899292,512,45,0,1,0.5644057079769,218.89395141601562,81.34421878592171,success,14.795064926147461,2.00716233253479,,0,218.89395141601562,79.51421356201172,driving_vision_vision_model.vision._en.stages.3.blocks.0.mlp.fc1_conv,"(1536, 512, 1, 1)"
1,Conv2d,0.062433824559748885,512,1536,3.0,3.597665710415848,8.968253490411987,0.9646870828774916,True,311.02685546875,conv2d,9.63682785429338,4.3030531288934455,2.492797889600299,0,512,20093.38607597351,512,65,0,1,0.3222007769429174,311.02685546875,64.60337981326622,success,17.635953903198242,1.7144664525985718,,0,311.02685546875,78.37909698486328,driving_vision_vision_model.vision._en.stages.3.blocks.0.mlp.fc2_conv,"(512, 1536, 1, 1)"
1,Conv2d,0.05910614922088908,512,1536,3.0,4.067676443793946,11.770395292230019,0.9322924899803343,True,782.7822875976562,conv2d,11.771699310685756,4.020272804011221,2.893640990100899,0,512,10477.865131378174,512,51,0,1,0.42956062284865326,782.7822875976562,13.38541417887027,success,27.978246688842773,1.1449244022369385,,0,782.7822875976562,47.774803161621094,driving_vision_vision_model.vision._en.stages.3.blocks.1.mlp.fc1_conv,"(1536, 512, 1, 1)"
1,Conv2d,0.05829085359522712,512,1536,3.0,3.3551457242379916,8.36446830419936,0.9248636801905576,True,311.19085693359375,conv2d,8.885260120607102,4.075360587542787,2.493026828543808,0,512,11894.894309997559,512,37,0,1,0.38718357202126813,311.19085693359375,38.2237911075127,success,17.640602111816406,1.178502082824707,,0,311.19085693359375,71.4466323852539,driving_vision_vision_model.vision._en.stages.3.blocks.1.mlp.fc2_conv,"(512, 1536, 1, 1)"
1,Conv2d,0.09328129852728995,64,1024,16.0,2.9074371753156987,5.145068746485654,0.9311431803674696,True,58.83332061767578,conv2d,5.552439902126877,2.8868256607317853,1.7696233611400343,0,63,770.594066619873,64,29,1,1,0.35420219132172925,58.83332061767578,13.097918977368703,success,7.6702880859375,0.0,,1,58.83332061767578,10.981683731079102,driving_vision_vision_model.vision._en.final_conv.se.fc1_conv,"(64, 1024, 1, 1)"
1,Conv2d,0.0348472448242898,64,1024,16.0,2.6266445597465893,6.499497848108871,0.845311695296455,True,298.1596984863281,conv2d,6.571432050917357,3.1674061796864192,2.474448940566181,0,63,1470.3007531166077,64,21,1,1,0.3549629439917554,298.1596984863281,4.931252481743528,success,17.267301559448242,0.0,,1,298.1596984863281,20.785085678100586,driving_vision_vision_model.vision._en.final_conv.se.fc2_conv,"(1024, 64, 1, 1)"
1,Linear,0.08430284727034132,1024,2048,2.0,1.3334855217358401,4.00087492265399,0.8707973702031119,True,1000.72265625,dense,5.670972791452213,4.839931515288452,3.0003137322750417,0,1024,69172.18833966553,1024,878,0,1,0.011254591227524095,1000.72265625,69.12223672328348,success,31.634201049804688,0.4000835418701172,over-trained,0,1000.72265625,0.5913828015327454,driving_vision_vision_model.vision._en.head.fc_linear,"(2048, 1024)"
1,Linear,0.04817511169988442,512,2048,4.0,5.008875898150012,16.021172471744542,0.8652135919908049,True,1579.634033203125,dense,16.064300285461105,4.627715458736168,3.1985564820365853,0,512,42434.145261630416,512,25,0,1,0.8017751796300023,1579.634033203125,26.86327615744261,success,39.74460983276367,0.4683200418949127,,0,1579.634033203125,396.04058837890625,driving_vision_vision_model.policy.summarizer._infeats.0_linear,"(512, 2048)"
1,Linear,0.06988362475056664,512,1024,2.0,2.8692758884031715,-2.2187451713345077,0.8880585955984122,True,0.16854774951934814,dense,-1.5029127223682386,0.7627457242398137,-0.7732770418843544,0,512,5.790895451016695,512,46,0,1,0.2756096935793468,0.16854774951934814,34.35759580018563,success,0.41054567694664,0.006194927729666233,,0,0.16854774951934814,0.03240291401743889,driving_vision_vision_model.policy.summarizer.resblock.block_a.0_linear,"(1024, 512)"
1,Linear,0.07376982945258942,512,1024,2.0,3.349804981279578,11.673156021795437,0.9346415169169643,True,3053.001708984375,dense,12.27965266251388,5.161185753030719,3.48472704740455,0,512,144939.16434192657,512,58,0,1,0.3085445100078285,3053.001708984375,47.47431484083338,success,55.25397491455078,2.6711528301239014,,0,3053.001708984375,670.986083984375,driving_vision_vision_model.policy.summarizer.resblock.block_a.3_linear,"(512, 1024)"
1,Linear,0.06225443553424037,512,1024,2.0,2.6528550952302634,-0.20930798348900198,0.8818438487356832,True,0.8338748216629028,dense,-0.07329125587775398,1.070526387314169,-0.07889913921997854,0,512,11.763224547321443,512,59,0,1,0.21518340485713394,0.8338748216629028,14.106703118656785,success,0.9131674766540527,0.016993539407849312,,0,0.8338748216629028,0.05023526772856712,driving_vision_vision_model.policy.summarizer.resblock.block_b.1_linear,"(1024, 512)"
1,Linear,0.05911962150490635,512,1024,2.0,3.602065396167047,11.549519904074788,0.9276038510510904,True,1608.275390625,dense,11.946799514857558,4.76536709440268,3.2063604165445243,0,512,58259.54578948021,512,25,0,1,0.5204130792334094,1608.275390625,36.22485684298115,success,40.103309631347656,1.6825761795043945,,0,1608.275390625,408.8629455566406,driving_vision_vision_model.policy.summarizer.resblock.block_b.4_linear,"(512, 1024)"
1,Linear,0.0780883064874685,512,512,1.0,2.949944286101414,7.3611847739047365,0.8686639122310417,True,312.87005615234375,dense,7.8804491054547,3.971897032081035,2.4953640001225676,0,512,9373.397444533603,512,60,1,1,0.2517367248701029,312.87005615234375,29.959394516071796,success,17.688133239746094,0.0006759232492186129,,1,312.87005615234375,49.32857894897461,driving_vision_vision_model.policy.summarizer._mu_linear,"(512, 512)"
1,Linear,0.0484456292709009,512,1024,2.0,2.9020768412642144,11.096671816375466,0.8997752893098699,True,6663.46630859375,dense,11.582278189095932,5.294782123139283,3.8237002062086987,0,512,197143.3459224701,512,63,0,1,0.23963915697716143,6663.46630859375,29.585704615661964,success,81.63005828857422,2.2520017623901367,,0,6663.46630859375,879.6404418945312,driving_vision_vision_model.policy.hydra.resblock.block_a.0_linear,"(1024, 512)"
1,Linear,0.03402983098789647,512,1024,2.0,2.4521523042251268,0.4714959603670924,0.6520144685311835,True,1.5569634437561035,dense,0.47294161025436804,0.5764658657526059,0.19227841580422705,0,512,3.7710810427743127,512,112,0,1,0.13721549509889625,1.5569634437561035,2.4220742355239575,success,1.2477834224700928,0.004100046586245298,,0,1.5569634437561035,0.0055288830772042274,driving_vision_vision_model.policy.hydra.resblock.block_a.3_linear,"(512, 1024)"
1,Linear,0.03574732864052599,512,1024,2.0,2.952957128062161,9.252896142291782,0.896084341463311,True,1359.67138671875,dense,9.729860667406871,4.5476076670684895,3.133433958238287,0,512,35286.42552664876,512,49,0,1,0.2789938754374516,1359.67138671875,25.952171878680424,success,36.873722076416016,0.5397785902023315,,0,1359.67138671875,178.23300170898438,driving_vision_vision_model.policy.hydra.resblock.block_b.1_linear,"(1024, 512)"
1,Linear,0.03800861792974086,512,1024,2.0,2.753340288893428,2.612348266884262,0.6184426981778041,True,8.887761116027832,dense,2.6124793308734655,1.2803233536134797,0.948792373184707,0,512,19.068799555163423,512,76,0,1,0.20112192455065425,8.887761116027832,2.1455121606245147,success,2.9812347888946533,0.00811094231903553,,0,8.887761116027832,0.03957309573888779,driving_vision_vision_model.policy.hydra.resblock.block_b.4_linear,"(512, 1024)"
1,Linear,0.10139806734944984,64,512,8.0,3.3066246735233222,7.795134811376452,0.8470804053341646,True,227.73489379882812,dense,7.930634145981376,3.2302011850866803,2.3574295788068587,0,64,1699.0305389165878,64,11,0,1,0.695473506750262,227.73489379882812,7.460563072154605,success,15.090888023376465,0.4831126034259796,,0,227.73489379882812,51.8015251159668,driving_vision_vision_model.policy.hydra.in_layer.lead_linear,"(64, 512)"
1,Linear,0.18828069071668463,16,512,32.0,2.462773829511381,4.91507026621925,0.8020073542016335,True,99.02519226074219,dense,5.274085183848472,2.6538687456405583,1.9957456942744962,0,16,450.68047735095024,16,8,0,1,0.517168647094856,99.02519226074219,4.551169930216022,success,9.951140403747559,0.5509287714958191,,0,99.02519226074219,22.702714920043945,driving_vision_vision_model.policy.hydra.in_layer.lead_prob_linear,"(16, 512)"
1,Linear,0.1598364254634268,16,512,32.0,3.982969630769853,9.087960204649805,0.8885072107312032,True,191.29544067382812,dense,9.274306187974226,3.0099170601030765,2.2817046191972166,0,16,1023.097586363554,16,7,0,1,1.1274565444964566,191.29544067382812,5.3482591260918015,success,13.83095932006836,0.5657175779342651,,0,191.29544067382812,73.40774536132812,driving_vision_vision_model.policy.hydra.in_layer.lane_lines_prob_linear,"(16, 512)"
1,Linear,0.0824729906108227,32,512,16.0,2.252510627307672,6.405334899934513,0.7690712084027245,True,697.6578369140625,dense,6.557688811332602,3.3999171184528914,2.843642477101443,0,32,2511.4071042835712,32,11,0,1,0.37764616333747436,697.6578369140625,3.5997690721747406,success,26.4132137298584,0.5484118461608887,,0,697.6578369140625,60.30583572387695,driving_vision_vision_model.policy.hydra.in_layer.road_edges_linear,"(32, 512)"
1,Linear,0.09008219953020402,64,512,8.0,1.9773903486974396,4.977217874225587,0.7331552574378517,True,328.9000244140625,dense,5.408716569341503,3.2836380041054016,2.5170639057200894,0,64,1921.4894491434097,64,21,0,1,0.2132840598297762,328.9000244140625,5.842168764099533,success,18.135601043701172,0.3983267545700073,over-trained,0,328.9000244140625,19.557043075561523,driving_vision_vision_model.policy.hydra.in_layer.lane_lines_linear,"(64, 512)"
1,Linear,0.0970975803229015,64,64,1.0,2.1000369011524853,3.7575970305686783,0.6938041805033134,True,61.560264587402344,dense,4.0889325140547435,2.4738662681758314,1.7893004777709076,0,64,297.7599399324463,64,13,0,1,0.3050953424621383,61.560264587402344,4.8368853176336035,success,7.846035003662109,0.005661386530846357,,0,61.560264587402344,5.660422325134277,driving_vision_vision_model.policy.hydra.res_layer.lead.0_linear,"(64, 64)"
1,Linear,0.13062633976607796,64,64,1.0,2.444478456428741,3.9239195145691004,0.7352655788166991,True,40.291873931884766,dense,4.308778913501494,2.411030043160988,1.6052174664291161,0,64,257.6499385167426,64,12,0,1,0.41698501282887446,40.291873931884766,6.394588123459124,success,6.347588062286377,0.004452385939657688,,0,40.291873931884766,7.0854172706604,driving_vision_vision_model.policy.hydra.res_layer.lead.2_linear,"(64, 64)"
1,Linear,0.20232590966362912,16,16,1.0,2.00518243940439,2.1318745339103202,0.7017227163191698,True,11.565977096557617,dense,2.3513262214304893,1.531513067963976,1.0631823279599248,0,16,34.002673708833754,16,7,0,1,0.37992325098760965,11.565977096557617,2.939887691715555,success,3.40087890625,0.03696948662400246,,0,11.565977096557617,1.3214516639709473,driving_vision_vision_model.policy.hydra.res_layer.lead_prob.0_linear,"(16, 16)"
1,Linear,0.17615075665409208,16,16,1.0,1.433877129081164,1.9151657156978639,0.6230727154859143,True,21.659847259521484,dense,2.1986375818077244,1.7388734804415162,1.335655389750942,0,16,54.81172630153014,16,11,0,1,0.13081887657080168,21.659847259521484,2.530568458992035,success,4.6540141105651855,0.009774589911103249,over-trained,0,21.659847259521484,0.19391198456287384,driving_vision_vision_model.policy.hydra.res_layer.lead_prob.2_linear,"(16, 16)"
1,Linear,0.1813570640643704,16,16,1.0,2.1656776146239807,2.5744377886385474,0.7232535851458276,True,15.443463325500488,dense,2.841522960836762,1.7079145575826082,1.1887447010831012,0,16,51.04045738989953,16,7,0,1,0.4405847253100059,15.443463325500488,3.3049877682307653,success,3.9298171997070312,0.02388894185423851,,0,15.443463325500488,2.3280932903289795,driving_vision_vision_model.policy.hydra.res_layer.lane_lines_prob.0_linear,"(16, 16)"
1,Linear,0.18084376005870173,16,16,1.0,2.4839796977672823,3.599773259428606,0.7017441924964904,True,28.131696701049805,dense,3.7630432091723507,1.9119165678630552,1.449195926466006,0,16,81.64255131175742,16,6,0,1,0.6058321746965731,28.131696701049805,2.902155251400486,success,5.303932189941406,0.07977239787578583,,0,28.131696701049805,5.038322448730469,driving_vision_vision_model.policy.hydra.res_layer.lane_lines_prob.2_linear,"(16, 16)"
1,Linear,0.11335491703282641,32,32,1.0,1.8108781492495014,3.444761546387196,0.5017188051538586,True,79.84730529785156,dense,3.4846074203117685,2.1396180885660283,1.9022602640684796,0,32,137.91709109336443,32,14,0,1,0.21671630120806998,79.84730529785156,1.7272604326332268,success,8.935731887817383,0.006831260398030281,over-trained,0,79.84730529785156,1.0627702474594116,driving_vision_vision_model.policy.hydra.res_layer.road_edges.0_linear,"(32, 32)"
1,Linear,0.10008835409811317,32,32,1.0,2.1258183623218962,2.5839001886017967,0.7003261579575184,True,16.424226760864258,dense,2.724086040469876,1.701265745144275,1.2154849324848087,0,32,50.26500674220733,32,13,0,1,0.312245833246961,16.424226760864258,3.060418458297171,success,4.0526814460754395,0.021739201620221138,,0,16.424226760864258,0.9570731520652771,driving_vision_vision_model.policy.hydra.res_layer.road_edges.2_linear,"(32, 32)"
1,Linear,0.08715983870287436,64,64,1.0,1.7584511021179228,2.193580543645597,0.7165463183318393,True,17.67870330810547,dense,2.6145213321708156,1.9613594313050096,1.2474504073520118,0,64,91.48700940864,64,30,0,1,0.1384735924648802,17.67870330810547,5.174984149810033,success,4.2046051025390625,0.0057775466702878475,over-trained,0,17.67870330810547,0.4109128415584564,driving_vision_vision_model.policy.hydra.res_layer.lane_lines.0_linear,"(64, 64)"
1,Linear,0.10874367183804101,64,64,1.0,1.8818737853235368,2.3662781192349085,0.7214183411315839,True,18.08861541748047,dense,2.659324945216195,1.9177258669928172,1.2574053253141477,0,64,82.74197194552107,64,22,0,1,0.18801612276621185,18.08861541748047,4.574256792786966,success,4.253071308135986,0.010613275691866875,over-trained,0,18.08861541748047,0.7118463516235352,driving_vision_vision_model.policy.hydra.res_layer.lane_lines.2_linear,"(64, 64)"
1,Linear,0.04109098491001084,64,102,1.59375,1.4140632375243107,4.653808040034685,0.30102862748399334,True,1954.740234375,dense,4.727313699065166,3.4611296161348024,3.2910890521292373,0,64,2891.542740832083,64,42,0,1,0.06389134464615051,1954.740234375,1.4792465464121436,success,44.21244430541992,0.11662810295820236,over-trained,0,1954.740234375,0.21070966124534607,driving_vision_vision_model.policy.hydra.final_layer.lead_linear,"(102, 64)"
1,Linear,0.09274773474609527,32,264,8.25,2.285667734945511,6.399971232827242,0.6461229170828832,True,631.0219116210938,dense,6.4442795659492695,3.1755740549746068,2.80004443995873,0,32,1498.2147036607494,32,9,0,1,0.4285559116485036,631.0219116210938,2.3742673211011636,success,25.120149612426758,0.023053769022226334,,0,631.0219116210938,43.01395797729492,driving_vision_vision_model.policy.hydra.final_layer.road_edges_linear,"(264, 32)"
1,Linear,0.1028605290101644,64,528,8.25,2.326953178496535,8.070630064761106,0.5119260692359295,True,2939.849365234375,dense,8.087071975941548,3.763507245832124,3.4683250781932844,0,64,5801.058510121191,64,8,0,1,0.4691487954159715,2939.849365234375,1.973250255173775,success,54.22037887573242,0.03430045768618584,,0,2939.849365234375,166.4305419921875,driving_vision_vision_model.policy.hydra.final_layer.lane_lines_linear,"(528, 64)"
1,Linear,0.06241862408929433,512,2048,4.0,3.495900257115246,10.268175243959053,0.8165367151661415,True,865.3760375976562,dense,10.27206771213109,3.8218436783161707,2.937204865344804,0,512,6635.042030721903,512,33,0,1,0.4344804662578456,865.3760375976562,7.667235678423959,success,29.417274475097656,0.41466107964515686,,0,865.3760375976562,52.30328369140625,driving_vision_vision_model.no_bottleneck_policy.summarizer._infeats.0_linear,"(512, 2048)"
1,Linear,0.046803794116041963,512,1024,2.0,2.995636717731746,2.8818902472407855,0.8602543800990298,True,9.162822723388672,dense,3.5624727266874263,2.4591041379708325,0.9620292841860052,0,512,287.80884588719346,512,49,0,1,0.2850909596759637,9.162822723388672,31.410500298400795,success,3.027015447616577,0.04920027032494545,,0,9.162822723388672,1.7225996255874634,driving_vision_vision_model.no_bottleneck_policy.summarizer.resblock.block_a.0_linear,"(1024, 512)"
1,Linear,0.0612920310105618,512,1024,2.0,3.0376577139181413,5.640750922433958,0.8543974045796896,True,71.93511199951172,dense,5.663892634561227,2.7968314947324777,1.8569409241168917,0,512,626.3707870831713,512,33,0,1,0.35471067847891596,71.93511199951172,8.707441604976204,success,8.481456756591797,0.1163320243358612,,0,71.93511199951172,4.12902307510376,driving_vision_vision_model.no_bottleneck_policy.summarizer.resblock.block_a.3_linear,"(512, 1024)"
1,Linear,0.04196470583576217,512,1024,2.0,2.479221836767978,3.6473413667414105,0.8574242189761113,True,29.59128189086914,dense,3.9600975725559437,2.625353993360798,1.4711637791542866,0,512,422.0403683022596,512,66,0,1,0.18207962137695755,29.59128189086914,14.262321242409131,success,5.439786911010742,0.08324121683835983,,0,29.59128189086914,1.565878987312317,driving_vision_vision_model.no_bottleneck_policy.summarizer.resblock.block_b.1_linear,"(1024, 512)"
1,Linear,0.053175272929141676,512,1024,2.0,2.597514853625663,4.480311550539923,0.7489262805687498,True,53.069549560546875,dense,4.491758982707771,2.3497017937512776,1.724845401475266,0,512,223.71844589407556,512,24,0,1,0.3260913539916527,53.069549560546875,4.215570845176214,success,7.284884929656982,0.053189899772405624,,0,53.069549560546875,1.622880220413208,driving_vision_vision_model.no_bottleneck_policy.summarizer.resblock.block_b.4_linear,"(512, 1024)"
1,Linear,0.05162251129596229,512,1024,2.0,2.180007848910596,7.5705508598135385,0.653780187877162,True,2969.73193359375,dense,7.637984419311165,4.004047082434404,3.4727172489753793,0,512,10093.623064368963,512,51,0,1,0.165234148982624,2969.73193359375,3.3988330563406803,success,54.49524688720703,0.43457871675491333,,0,2969.73193359375,31.586151123046875,driving_vision_vision_model.no_bottleneck_policy.hydra.resblock.block_a.0_linear,"(1024, 512)"
1,Linear,0.046034579893731165,512,1024,2.0,2.2044879716192884,-3.6246420312131185,0.39684018133903026,True,0.022687654942274094,dense,-3.6234753828196564,-1.4595911475596097,-1.644210391654198,0,512,0.03470634283023344,512,31,0,1,0.2163324259302998,0.022687654942274094,1.5297457105434384,success,0.15062421560287476,0.0004374971322249621,,138,0.022687654942274094,0.00010449353430885822,driving_vision_vision_model.no_bottleneck_policy.hydra.resblock.block_a.3_linear,"(512, 1024)"
1,Linear,0.04690972175968672,512,1024,2.0,2.731938702597107,6.819507554454696,0.8321739470724571,True,313.4840393066406,dense,7.082871060649089,3.649032610912109,2.496215434106101,0,512,4456.897137142718,512,34,0,1,0.2970250370489563,313.4840393066406,14.217301611273152,success,17.705480575561523,0.26609110832214355,,0,313.4840393066406,31.80552101135254,driving_vision_vision_model.no_bottleneck_policy.hydra.resblock.block_b.1_linear,"(1024, 512)"
1,Linear,0.04635527195690836,512,1024,2.0,2.4328010887836617,1.0199537594821808,0.5804072512291997,True,2.625734329223633,dense,1.0216842480024135,0.7608929829389172,0.41925078222984996,0,512,5.766243564805336,512,46,0,1,0.21125499531112954,2.625734329223633,2.1960498823619665,success,1.62041175365448,0.006589342374354601,,0,2.625734329223633,0.01947966404259205,driving_vision_vision_model.no_bottleneck_policy.hydra.resblock.block_b.4_linear,"(512, 1024)"
1,Linear,0.12296114265585695,64,512,8.0,2.2191560057670587,4.53964253431142,0.8858236681582724,True,111.08661651611328,dense,5.289222532025003,3.1778868714947612,2.0456617391990326,0,64,1506.21466422081,64,31,0,1,0.21896688263354913,111.08661651611328,13.558921060507151,success,10.539763450622559,0.5082466006278992,,0,111.08661651611328,15.184232711791992,driving_vision_vision_model.no_bottleneck_policy.hydra.in_layer.meta_linear,"(64, 512)"
1,Linear,0.11878358090637375,32,512,16.0,3.753774179742483,7.637554990876673,0.8750764506050425,True,108.30127716064453,dense,7.75916681541646,2.8388424843815554,2.0346335781447102,0,32,689.9895040094852,32,7,0,1,1.0408288066327844,108.30127716064453,6.371019087669815,success,10.406789779663086,0.5239330530166626,,0,108.30127716064453,35.12774658203125,driving_vision_vision_model.no_bottleneck_policy.hydra.in_layer.desire_pred_linear,"(32, 512)"
1,Linear,0.08518755329943783,32,512,16.0,2.1662681451620482,1.7911562184791656,0.8043978076611467,True,6.711808681488037,dense,2.0953032901669473,1.4825504775353309,0.8268395685360446,0,32,30.377391442656517,32,31,0,1,0.20946794245603625,6.711808681488037,4.525962059443225,success,2.5907158851623535,0.4500066936016083,,0,6.711808681488037,0.2340618520975113,driving_vision_vision_model.no_bottleneck_policy.hydra.in_layer.road_transform_linear,"(32, 512)"
1,Linear,0.10435514249719957,32,512,16.0,2.036873635303098,1.7579303767696342,0.8279126097171955,True,7.295469284057617,dense,2.0380888234473566,1.527747709484849,0.8630532332989054,0,32,33.7091428488493,32,32,0,1,0.18329509468909194,7.295469284057617,4.620558532473299,success,2.70101261138916,0.48200342059135437,,0,7.295469284057617,0.23232729732990265,driving_vision_vision_model.no_bottleneck_policy.hydra.in_layer.pose_linear,"(32, 512)"
1,Linear,0.10432198167347051,32,512,16.0,2.454604085504238,3.878813305374766,0.6198555441876238,True,38.03816223144531,dense,3.8960119012866055,1.899022744255769,1.580219526351012,0,32,79.25428353250027,32,8,0,1,0.5142802064008517,38.03816223144531,2.083546598552085,success,6.167508602142334,0.4693634510040283,,0,38.03816223144531,2.643495559692383,driving_vision_vision_model.no_bottleneck_policy.hydra.in_layer.wide_from_device_euler_linear,"(32, 512)"
1,Linear,0.12902648611585843,64,64,1.0,3.7365895584341002,4.878881881881643,0.849018212276099,True,20.216432571411133,dense,5.353970323863323,2.3964722533071514,1.305704521618972,0,64,249.15651822584914,64,13,0,1,0.7589933825256543,20.216432571411133,12.324455234411205,success,4.4962687492370605,0.01805165223777294,,0,20.216432571411133,7.847137928009033,driving_vision_vision_model.no_bottleneck_policy.hydra.res_layer.meta.0_linear,"(64, 64)"
1,Linear,0.11659343784252574,64,64,1.0,3.4365219064848977,4.890625851212768,0.8308686158205886,True,26.493080139160156,dense,5.16392262066524,2.3788085260840663,1.4231324531887604,0,64,239.22608119968208,64,11,0,1,0.7346389961174375,26.493080139160156,9.029757202375098,success,5.1471428871154785,0.01889852061867714,,0,26.493080139160156,8.034228324890137,driving_vision_vision_model.no_bottleneck_policy.hydra.res_layer.meta.2_linear,"(64, 64)"
1,Linear,0.18024836826067303,32,32,1.0,1.9805268747836058,1.9253311285877563,0.8272052632530006,True,9.378443717956543,dense,2.5394147526492503,1.8519282091435845,0.9721307764622582,0,32,71.10959565360099,32,18,0,1,0.23111240076504683,9.378443717956543,7.582238353411473,success,3.062424421310425,0.03424627706408501,over-trained,0,9.378443717956543,1.1028693914413452,driving_vision_vision_model.no_bottleneck_policy.hydra.res_layer.desire_pred.0_linear,"(32, 32)"
1,Linear,0.13918823247197742,32,32,1.0,3.1813409211589407,3.888069694655078,0.8054464747865229,True,16.678157806396484,dense,4.052496974848267,1.9432095024397553,1.222148078753748,0,32,87.7423985938076,32,8,0,1,0.7712204787155985,16.678157806396484,5.26091667990791,success,4.083889961242676,0.01467882003635168,,0,16.678157806396484,4.460690975189209,driving_vision_vision_model.no_bottleneck_policy.hydra.res_layer.desire_pred.2_linear,"(32, 32)"
1,Linear,0.14254849058853314,32,32,1.0,2.70777298283899,1.5175034151878237,0.7742521012092288,True,3.6343345642089844,dense,1.7572652765338892,1.2215870957352675,0.5604249044529512,0,32,16.656628352145162,32,9,0,1,0.56925766094633,3.6343345642089844,4.583130159831747,success,1.906393051147461,0.0029646100010722876,,0,3.6343345642089844,0.6399933695793152,driving_vision_vision_model.no_bottleneck_policy.hydra.res_layer.road_transform.0_linear,"(32, 32)"
1,Linear,0.075494640035282,32,32,1.0,2.04606119354233,2.6673420725941557,0.5703793264765152,True,20.120893478393555,dense,2.695970256637653,1.5806501234773491,1.3036472618769563,0,32,38.07589525950607,32,12,0,1,0.3019718558402428,20.120893478393555,1.8923560874865302,success,4.485631942749023,0.04135043919086456,,0,20.120893478393555,0.5515428781509399,driving_vision_vision_model.no_bottleneck_policy.hydra.res_layer.road_transform.2_linear,"(32, 32)"
1,Linear,0.13844033687429413,32,32,1.0,2.7731397322964546,1.317952407643836,0.7958679152491057,True,2.9871456623077393,dense,1.6665729624085923,1.2321704855194209,0.47525640064030644,0,32,17.06752255768515,32,8,0,1,0.6268995643490612,2.9871456623077393,5.713655940199288,success,1.7283360958099365,0.01664222963154316,,0,2.9871456623077393,0.7715403437614441,driving_vision_vision_model.no_bottleneck_policy.hydra.res_layer.pose.0_linear,"(32, 32)"
1,Linear,0.09741108995427539,32,32,1.0,2.1127475913258777,2.3789757978250208,0.6706183236326375,True,13.366275787353516,dense,2.4769068737574313,1.5595516872683048,1.1260104177101764,0,32,36.27034505856773,32,11,0,1,0.3355060224363332,13.366275787353516,2.713571501561031,success,3.655991792678833,0.0034868898801505566,,0,13.366275787353516,0.7891762256622314,driving_vision_vision_model.no_bottleneck_policy.hydra.res_layer.pose.2_linear,"(32, 32)"
1,Linear,0.11918550541840633,32,32,1.0,1.7909572696263045,2.088193365629061,0.6408627477410742,True,14.654294967651367,dense,2.290848066683311,1.6109169299166899,1.1659649289481804,0,32,40.82412921290961,32,16,0,1,0.19773931740657613,14.654294967651367,2.785813258367384,success,3.8280928134918213,0.015828683972358704,over-trained,0,14.654294967651367,0.34356266260147095,driving_vision_vision_model.no_bottleneck_policy.hydra.res_layer.wide_from_device_euler.0_linear,"(32, 32)"
1,Linear,0.0954052416376101,32,32,1.0,2.406968867355615,4.235898512699171,0.6319600917258352,True,57.52381134033203,dense,4.26939138073297,2.1278296906502487,1.7598476532656138,0,32,134.2238496715472,32,9,0,1,0.46898962245187165,57.52381134033203,2.3333615514005066,success,7.584445476531982,0.005196284502744675,,0,57.52381134033203,4.349510192871094,driving_vision_vision_model.no_bottleneck_policy.hydra.res_layer.wide_from_device_euler.2_linear,"(32, 32)"
1,Linear,0.1515880262973201,55,64,1.1636363636363636,2.769565188427905,4.927337548774566,0.5218817883409382,True,60.13142395019531,dense,4.97259057265125,2.1905931901365774,1.7791014883356049,0,55,155.09335476502565,55,5,0,1,0.7913736103884039,60.13142395019531,2.5792396816260976,success,7.754445552825928,0.0015814543003216386,,0,60.13142395019531,11.364418029785156,driving_vision_vision_model.no_bottleneck_policy.hydra.final_layer.meta_linear,"(55, 64)"
1,Linear,0.1602764221660301,32,32,1.0,2.0346461175593884,3.119771463229698,0.6339705975235095,True,34.144744873046875,dense,3.3746319526328823,2.0577572972946094,1.5333238720510012,0,32,114.22398229415967,32,9,0,1,0.3448820391864628,34.144744873046875,3.345287326610708,success,5.843350410461426,0.0007887990796007216,,1,34.144744873046875,3.285855531692505,driving_vision_vision_model.no_bottleneck_policy.hydra.final_layer.desire_pred_linear,"(32, 32)"
1,Linear,0.21853068323747427,12,32,2.6666666666666665,1.239645324554522,3.645574172728597,0.45970525412548546,True,872.6102905273438,dense,3.827268966122518,3.176382366378613,2.940820330233301,0,12,1501.0057861246169,12,12,0,1,0.06917964632079426,872.6102905273438,1.7201330335189096,success,29.53997802734375,0.20644864439964294,over-trained,0,872.6102905273438,0.04262104257941246,driving_vision_vision_model.no_bottleneck_policy.hydra.final_layer.road_transform_linear,"(12, 32)"
1,Linear,0.12280148863574014,12,32,2.6666666666666665,2.53218663119753,6.581473944927939,0.6330864157792696,True,397.3074645996094,dense,6.624236763678397,2.9127850732385467,2.599126724642491,0,12,818.0598406326026,12,6,0,1,0.6255125728579771,397.3074645996094,2.0590094914451473,success,19.932573318481445,0.14298908412456512,,0,397.3074645996094,51.62855529785156,driving_vision_vision_model.no_bottleneck_policy.hydra.final_layer.pose_linear,"(12, 32)"
1,Linear,0.04817511169988442,512,2048,4.0,5.008875898150012,16.021172471744542,0.8652135919908049,True,1579.634033203125,dense,16.064300285461105,4.627715458736168,3.1985564820365853,0,512,42434.145261630416,512,25,0,1,0.8017751796300023,1579.634033203125,26.86327615744261,success,39.74460983276367,0.4683200418949127,,0,1579.634033203125,396.04058837890625,driving_vision_summarizer._infeats.0_linear,"(512, 2048)"
1,Linear,0.06988362475056664,512,1024,2.0,2.8692758884031715,-2.2187451713345077,0.8880585955984122,True,0.16854774951934814,dense,-1.5029127223682386,0.7627457242398137,-0.7732770418843544,0,512,5.790895451016695,512,46,0,1,0.2756096935793468,0.16854774951934814,34.35759580018563,success,0.41054567694664,0.006194927729666233,,0,0.16854774951934814,0.03240291401743889,driving_vision_summarizer.resblock.block_a.0_linear,"(1024, 512)"
1,Linear,0.07376982945258942,512,1024,2.0,3.349804981279578,11.673156021795437,0.9346415169169643,True,3053.001708984375,dense,12.27965266251388,5.161185753030719,3.48472704740455,0,512,144939.16434192657,512,58,0,1,0.3085445100078285,3053.001708984375,47.47431484083338,success,55.25397491455078,2.6711528301239014,,0,3053.001708984375,670.986083984375,driving_vision_summarizer.resblock.block_a.3_linear,"(512, 1024)"
1,Linear,0.06225443553424037,512,1024,2.0,2.6528550952302634,-0.20930798348900198,0.8818438487356832,True,0.8338748216629028,dense,-0.07329125587775398,1.070526387314169,-0.07889913921997854,0,512,11.763224547321443,512,59,0,1,0.21518340485713394,0.8338748216629028,14.106703118656785,success,0.9131674766540527,0.016993539407849312,,0,0.8338748216629028,0.05023526772856712,driving_vision_summarizer.resblock.block_b.1_linear,"(1024, 512)"
1,Linear,0.05911962150490635,512,1024,2.0,3.602065396167047,11.549519904074788,0.9276038510510904,True,1608.275390625,dense,11.946799514857558,4.76536709440268,3.2063604165445243,0,512,58259.54578948021,512,25,0,1,0.5204130792334094,1608.275390625,36.22485684298115,success,40.103309631347656,1.6825761795043945,,0,1608.275390625,408.8629455566406,driving_vision_summarizer.resblock.block_b.4_linear,"(512, 1024)"
1,Linear,0.0780883064874685,512,512,1.0,2.949944286101414,7.3611847739047365,0.8686639122310417,True,312.87005615234375,dense,7.8804491054547,3.971897032081035,2.4953640001225676,0,512,9373.397444533603,512,60,1,1,0.2517367248701029,312.87005615234375,29.959394516071796,success,17.688133239746094,0.0006759232492186129,,1,312.87005615234375,49.32857894897461,driving_vision_summarizer._mu_linear,"(512, 512)"
1,Conv2d,0.06533675951597326,1,64,64.0,1.6906455407339651,6.107533695911765,0.23516992990253555,True,4097.7490234375,conv2d,6.112827595025136,3.6900534800873457,3.6125453554624363,0,49,4898.391356468201,49,29,0,49,0.1282496572470665,4097.7490234375,1.1953858883136435,success,64.01366424560547,64.01366424560547,over-trained,0,4097.7490234375,3.747814416885376,driving_vision_onnx::Conv_844_conv,"(64, 1, 7, 7)"
1,Conv2d,0.0871392208569774,1,64,64.0,1.7263872159745208,2.7311285585363407,0.5406890625956623,True,38.19361114501953,conv2d,2.829689788967849,1.9103364643482381,1.5819907221652227,0,49,81.34604906849563,49,24,0,49,0.1482731695682015,38.19361114501953,2.129833933733789,success,6.180098056793213,6.180098056793213,over-trained,0,38.19361114501953,0.2574072480201721,driving_vision_onnx::Conv_847_conv,"(64, 1, 7, 7)"
1,Conv2d,0.06593956472563867,1,128,128.0,1.9878239647024767,5.117292941870697,0.4544210909884006,True,375.2485046386719,conv2d,5.125021606004719,2.756962711095333,2.5743189702598324,0,49,571.4295711219311,49,29,0,49,0.18343430518482257,375.2485046386719,1.5228030599939704,success,19.3713321685791,19.3713321685791,over-trained,0,375.2485046386719,1.8798706531524658,driving_vision_onnx::Conv_850_conv,"(128, 1, 7, 7)"
1,Conv2d,0.09657417946678648,1,128,128.0,1.7063828313999343,2.509416869454548,0.6164761123841678,True,29.553302764892578,conv2d,2.5976871877602608,1.8297415976087088,1.4706060230316522,0,49,67.56808300688863,49,33,0,49,0.12296546749744948,29.553302764892578,2.2863124147042937,success,5.436295032501221,5.436295032501221,over-trained,0,29.553302764892578,0.17447791993618011,driving_vision_onnx::Conv_853_conv,"(128, 1, 7, 7)"
1,Conv2d,0.05551146561576681,1,256,256.0,1.9752684225144888,5.056902891967487,0.4210716224877327,True,363.16937255859375,conv2d,5.061854379848097,2.7178183239636624,2.5601092157035152,0,49,522.1777035593987,49,35,0,49,0.16485045135809775,363.16937255859375,1.4378351893513557,success,19.057003021240234,19.057003021240234,over-trained,0,363.16937255859375,1.2672806978225708,driving_vision_onnx::Conv_856_conv,"(256, 1, 7, 7)"
1,Conv2d,0.08706816199714712,1,256,256.0,1.8794107888163183,4.234558448385125,0.49669164591567144,True,179.1145477294922,conv2d,4.2559253615643655,2.4810926376485174,2.2531308607907454,0,49,302.7559155970812,49,19,0,49,0.20175067148998524,179.1145477294922,1.6902921590395796,success,13.383368492126465,13.383368492126465,over-trained,0,179.1145477294922,1.622834324836731,driving_vision_onnx::Conv_859_conv,"(256, 1, 7, 7)"
1,Conv2d,0.09990205466018443,1,256,256.0,1.9177820931883232,3.151224378846874,0.5421824225156266,True,43.97043991088867,conv2d,3.178419226586186,1.9096971166244845,1.6431608106257507,0,49,81.22638338059187,49,19,0,49,0.21055365244205945,43.97043991088867,1.8472952179966087,success,6.631021022796631,6.631021022796631,over-trained,0,43.97043991088867,0.5205634236335754,driving_vision_onnx::Conv_862_conv,"(256, 1, 7, 7)"
1,Conv2d,0.0903298224677459,1,256,256.0,1.5667893954544119,2.1073228234325083,0.5602754331495438,True,22.130657196044922,conv2d,2.1945856603375655,1.6470783339761466,1.3449943110071452,0,49,44.368866512551904,49,41,0,49,0.0885176320866843,22.130657196044922,2.0048598701570093,success,4.7043232917785645,4.7043232917785645,over-trained,0,22.130657196044922,0.04359756410121918,driving_vision_onnx::Conv_865_conv,"(256, 1, 7, 7)"
1,Conv2d,0.08141974655418532,1,256,256.0,1.509668662628694,2.178145974306551,0.32845997615492506,True,27.720264434814453,conv2d,2.204592077739231,1.574312349839046,1.4427973688702516,0,49,37.524278436321765,49,47,0,49,0.07434281514107773,27.720264434814453,1.3536767848864475,success,5.265003681182861,5.265003681182861,over-trained,0,27.720264434814453,0.008418957702815533,driving_vision_onnx::Conv_868_conv,"(256, 1, 7, 7)"
1,Conv2d,0.12010234201124748,1,256,256.0,3.6024621709431788,0.580878612785615,0.7559785742782541,True,1.4495890140533447,conv2d,0.6161160794822551,0.7943052330068742,0.16124488897368,0,49,6.227378070820123,49,7,0,49,0.983638242966988,1.4495890140533447,4.2959611382588445,success,1.203988790512085,1.203988790512085,,0,1.4495890140533447,0.33880338072776794,driving_vision_onnx::Conv_871_conv,"(256, 1, 7, 7)"
1,Conv2d,0.09158962513777191,1,512,512.0,2.9116584501770513,6.35300506593305,0.810627101598814,True,152.0266571044922,conv2d,6.368314645937063,2.7353124761001024,2.1819197459601547,0,49,543.6413422822952,49,13,0,49,0.5301986587144139,152.0266571044922,3.5759606416171823,success,12.329909324645996,12.329909324645996,,0,152.0266571044922,12.879047393798828,driving_vision_onnx::Conv_874_conv,"(512, 1, 7, 7)"
1,Conv2d,0.05526727373843643,1,512,512.0,2.4333388133450153,7.265952268154917,0.9029460661196325,True,968.2802124023438,conv2d,7.658431211736537,3.9131116056787763,2.986001056781196,0,49,8186.751455307007,49,33,0,49,0.24951226081742178,968.2802124023438,8.45494036792855,success,31.11720085144043,31.11720085144043,,0,968.2802124023438,84.97962188720703,driving_vision_onnx::Conv_877_conv,"(512, 1, 7, 7)"
